"gvkey","name","sector","n","mean_roa","sd_roa","min_roa","max_roa","range_roa","cv","naive_mae","last4_mean","last1","prev1","complexity_flag"
1004,"AAR CORP","Wholesale Trade",60,0.00653120448609857,0.00792646479747247,-0.0241836404784998,0.0171049427806185,0.0412885832591183,1.05248301411859,0.00644984625849003,0.00148434617633283,-0.0107394798722493,0.00646714331908167,"High"
1045,"AMERICAN AIRLINES GROUP INC","Transportation and Warehousing",60,-0.000141907551846232,0.0218503248247935,-0.0677246950348823,0.0677682536404007,0.135492948675283,25.4638353615694,0.0146700676369944,0.00338487301786145,0.00954955246588867,-0.00234542249087017,"High"
1050,"CECO ENVIRONMENTAL CORP","Manufacturing",60,0.00641837248170039,0.018916279808902,-0.102624369778234,0.0386951631046119,0.141319532882846,2.54992316111986,0.0117757935516211,0.00495895303219223,0.00642096409235763,0.0033563310121124,"High"
1075,"PINNACLE WEST CAPITAL CORP","Unclassified / Not Available",60,0.00681334271927213,0.00682437642182436,-0.00123019875817796,0.0194183993247943,0.0206485980829723,0.873425967222912,0.00846990005052619,0.00583978566048348,-0.0002615432237817,0.0150122651261971,"Low"
1076,"PROG HOLDINGS INC","Finance and Insurance",60,0.0186929493915008,0.0202334471090638,-0.0888071666103703,0.0659519274484226,0.154759094058793,1.02744625534844,0.0129012362466795,0.0335542131003869,0.0380157580393812,0.0580513572189112,"High"
1078,"ABBOTT LABORATORIES","Manufacturing",60,0.0183313962030406,0.0158863681320473,-0.0108590163934426,0.113358881764807,0.12421789815825,0.821791036984103,0.00972061015767329,0.0425578348199913,0.113358881764807,0.0221367475388671,"Low"
1104,"ACME UNITED CORP","Manufacturing",60,0.0143936484737006,0.0130043708311506,-0.00570905604462651,0.0750933054589557,0.0808023615035822,0.844788086032237,0.0137864711872844,0.014975672734164,0.0105259912437566,0.0134523456999027,"Low"
1117,"BK TECHNOLOGIES CORP","Manufacturing",60,-0.00198800809708467,0.031732102263952,-0.0999042078456111,0.0710110875939339,0.170915295439545,32.1172491982448,0.0243707732294821,0.0423271681318851,0.0710110875939339,0.0507930350831825,"High"
1161,"ADVANCED MICRO DEVICES","Manufacturing",60,0.00254964433731807,0.0473330869920583,-0.118283881315156,0.130858773242263,0.24914265455742,13.3345998905966,0.0306449925727695,0.00593744631064992,0.00696270187501806,0.0110718593830777,"High"
1209,"AIR PRODUCTS & CHEMICALS INC","Manufacturing",60,0.0204215316502344,0.0156202810817177,-0.0281545197135175,0.119184175922558,0.147338695636076,0.729186004846057,0.0101559881429741,0.0248686598449464,0.0154283658027048,0.0492715024283252,"Low"
1210,"AIR T INC","Transportation and Warehousing",60,0.00502702738519505,0.0267419573941595,-0.114166038035495,0.0822618763686824,0.196427914404177,4.43700612010643,0.0237615257861988,-0.00140822470562843,-0.00691279853749274,0.0127843503317843,"High"
1230,"ALASKA AIR GROUP INC","Transportation and Warehousing",60,0.0123734232617878,0.0160393697317481,-0.031824006834686,0.0493005800068236,0.0811245868415096,1.19934660092437,0.0115898113173364,0.00527158731489862,0.00359166329421287,0.0120660565468582,"High"
1254,"MATSON INC","Transportation and Warehousing",60,0.0208409713941509,0.0239193576819035,0.000628930817610063,0.106820828030652,0.106191897213042,1.09515997481271,0.0108408492325442,0.0269287818793016,0.0278539408974192,0.0448201341677547,"High"
1257,"ALEXANDER'S INC","Real Estate and Rental and Leasing",60,0.0139338396580265,0.0173378989419681,-0.00599776907723395,0.130858773242263,0.136856542319497,1.16098065460676,0.00923716595671063,0.00782085099270794,0.0091530945839655,0.00489241880218525,"High"
1266,"ALICO INC","Agriculture, Forestry, Fishing and Hunting",60,0.00962220691257556,0.025957510041541,-0.0515082283661776,0.0973348231790376,0.148843051545215,2.44370216614874,0.0278354476405828,-0.0278403976367138,-0.0230560669624443,-0.0454555714676251,"High"
1300,"HONEYWELL INTERNATIONAL INC","Nonclassifiable Establishments",60,0.0203424426585851,0.0102767495368361,-0.0424166905214946,0.0377702779078593,0.0801869684293539,0.481517026951092,0.006678305442082,0.0202181053356019,0.0170886749295175,0.0192265824851685,"Low"
1327,"SKYWORKS SOLUTIONS INC","Manufacturing",60,0.0405934342621759,0.0176205844459312,0.00730385232938563,0.0939702572050629,0.0866664048756773,0.42363860446972,0.0104806509431149,0.0158715912142285,0.0194452113166329,0.00730385232938563,"Low"
1380,"HESS CORP","Unclassified / Not Available",60,-0.00018918537415453,0.0362781365863304,-0.170923447818036,0.045025026898068,0.215948474716104,44.7428245987813,0.0228114413567516,0.0270122406865628,0.0204135437459983,0.0189837227919033,"High"
1393,"U-HAUL HOLDING CO","Real Estate and Rental and Leasing",60,0.0121841745074021,0.00909113366531894,-0.00133423558135196,0.0503854497288215,0.0517196853101734,0.68954894826482,0.00955660888670765,0.00566550985408719,0.00330376069254726,0.00928117291432596,"Low"
1410,"ABM INDUSTRIES INC","Administrative and Support and Waste Management Services",60,0.00760604284737703,0.00844468512000591,-0.0335359874485193,0.0197388277430129,0.0532748151915323,0.981250647918828,0.00753770917849506,0.00413064132467362,-0.00229537785450836,0.000932484177529115,"Low"
1414,"PRIMERICA INC","Finance and Insurance",60,0.0060661224838124,0.0027204538377689,8.03256746120888e-05,0.0143666846443236,0.0142863589697115,0.384999530364938,0.00167521780255975,0.00798176179685103,0.0114550643250984,0.011142161870861,"Low"
1440,"AMERICAN ELECTRIC POWER CO","Unclassified / Not Available",60,0.00674448552441066,0.0036389808433755,-0.0124637869861007,0.0181491394299334,0.0306129264160341,0.469880256332769,0.00395709465012706,0.0074264074321218,0.00644269388230272,0.00958458475955137,"Low"
1447,"AMERICAN EXPRESS CO","Finance and Insurance",60,0.00810613957111254,0.00276508546038219,-0.00665713544455423,0.0124340712343869,0.0190912066789412,0.303650678620597,0.00198163293054259,0.00934294013665205,0.00799378179554337,0.00925163942593337,"Low"
1449,"AFLAC INC","Finance and Insurance",60,0.00672885446774088,0.00369842883282828,-0.000724062222637455,0.0188241981678655,0.019548260390503,0.478522250388461,0.00321701390537939,0.011280432090901,0.016178146743106,-0.000724062222637455,"Low"
1487,"AMERICAN INTERNATIONAL GROUP","Finance and Insurance",60,0.00167709045891909,0.00746673026858547,-0.0236881291321699,0.0386470735354182,0.0623352026675881,2.78912139248378,0.00626133325877448,-0.00329451143041358,0.00556650673807664,0.00270877963280987,"High"
1545,"AMERICAN REALTY INVESTORS","Real Estate and Rental and Leasing",60,0.00569625747892377,0.0267338682711342,-0.0385770014929926,0.130858773242263,0.169435774735256,3.99235966586979,0.0196821947970022,-0.00351264227131913,-0.00015588660750076,-0.0167446999092756,"High"
1559,"AMERICAN SHARED HSPTL SERV","Health Care and Social Assistance",60,-0.000559102651226218,0.0214545097582703,-0.142739330630197,0.0592190711056309,0.201958401735828,48.6610087766219,0.0113682885530964,0.00906513470157677,-0.0220609000448527,-0.00327174445621078,"High"
1562,"LOGILITY SPPLY CHAIN SOL INC","Information",60,0.0173484329844297,0.00951496564356041,0.00316528633548962,0.0690846518880987,0.0659193655526091,0.518571021930576,0.00760832387638873,0.0136563304943645,0.00962310875719517,0.0108710034243132,"Low"
1585,"AMERICAN VANGUARD CORP","Manufacturing",60,0.0056823261058651,0.0216747876822172,-0.14202295825016,0.035652183077069,0.177675141327229,3.24359921063911,0.00597792020077223,-0.0471121389598032,-0.14202295825016,-0.0338952252790806,"High"
1598,"AMETEK INC","Manufacturing",60,0.0225424968478509,0.00249884955004268,0.0153658652685646,0.0305964650880239,0.0152305998194593,0.106142078565077,0.00169173796864103,0.0233120487170737,0.0264679466145186,0.0230396341622381,"Low"
1602,"AMGEN INC","Manufacturing",60,0.0224792410385609,0.0125023914838567,-0.0533306651324512,0.0367001835851313,0.0900308487175824,0.532487036668841,0.00815383819261393,0.0112392438564061,0.00682716492993173,0.0311389368748831,"Low"
1613,"AMPCO-PITTSBURGH CORP","Manufacturing",60,-0.0046187364238568,0.0218006927981201,-0.105482395087539,0.0241683739563657,0.129650769043904,6.02439366802108,0.0139804274288668,0.000262503141736128,0.00584295229197432,-0.00357865085410832,"High"
1618,"AMREP CORP","Construction",60,0.00634800805344309,0.0288521814887227,-0.0646616042709819,0.130858773242263,0.195520377513245,3.92653101070069,0.0243069221872843,0.0244558114816814,0.0313136712606813,0.0319987402070785,"High"
1632,"ANALOG DEVICES INC","Manufacturing",60,0.0222004499179792,0.0116696792845601,0.00144655971282176,0.0519756950548543,0.0505291353420325,0.502993662873612,0.00485890435824759,0.00843216357642023,0.00991269084732179,0.00806756721234651,"Low"
1659,"ANDERSONS INC","Wholesale Trade",60,0.00674677073564737,0.00908332664369,-0.0199347124179931,0.0322421768128623,0.0521768892308554,1.17253071681757,0.0102796149935037,0.00790771128738998,0.0109406854221736,0.00807632384273053,"High"
1678,"APA CORP","Unclassified / Not Available",60,-0.00386277057207264,0.0673078151522392,-0.333345496085855,0.130858773242263,0.464204269328118,23.5114248444676,0.0355909858080156,0.0105912023823979,0.0182568334192883,-0.011509083402147,"High"
1686,"APOGEE ENTERPRISES INC","Manufacturing",60,0.014821882515959,0.0149548630269287,-0.0417407563203195,0.0393993934501894,0.0811401497705089,0.94520124339466,0.0101646155035656,0.0259480426463775,0.0177794531223529,0.0333292624949296,"Low"
1690,"APPLE INC","Manufacturing",60,0.0542239124662511,0.0190527196978091,0.0252540030651297,0.105584375953616,0.0803303728884864,0.345008508939905,0.0153776960945128,0.0701720633768413,0.105584375953616,0.0403748150583594,"Low"
1704,"APPLIED MATERIALS INC","Manufacturing",60,0.036465247161272,0.0214050355888039,-0.0425549495951082,0.0704734937863772,0.113028443381485,0.571330425144783,0.0096064801648868,0.0547230306143283,0.0503066058298701,0.0506731655125271,"Low"
1706,"ENERPAC TOOL GROUP CORP","Manufacturing",60,0.00203368437799457,0.0395354612297543,-0.237365624394053,0.0343952478037638,0.271760872197817,13.032160338278,0.027981046872847,0.0292457093421124,0.0280169884349153,0.031410164049153,"High"
1743,"ARCBEST CORP","Transportation and Warehousing",60,0.0101005105869953,0.0143750797955259,-0.0250986180565496,0.0446705026712229,0.0697691207277725,1.29499266568575,0.0112883999654307,0.0180008655053454,0.011949882517859,0.0415519969513458,"High"
1773,"ARROW ELECTRONICS INC","Wholesale Trade",60,0.0102438746775805,0.0070093549990933,-0.0342581976238815,0.0190016759198876,0.053259873543769,0.62339319852697,0.00363026813574085,0.00472377972481437,0.00455967166025354,0.00480385412719363,"Low"
1783,"ARTS WAY MFG INC","Manufacturing",60,-0.00268224657145507,0.0200778557762829,-0.0650879249706917,0.0391713747645951,0.104259299735287,11.9351444175727,0.0138333752640271,0.00435618241157372,0.0391713747645951,-0.00115035575816966,"High"
1794,"ASHLAND INC","Unclassified / Not Available",60,0.00615947636732499,0.023230470453956,-0.0835246842709529,0.115929203539823,0.199453887810776,3.24471640970521,0.0203804145144379,-0.00183034099095,-0.0315427260562034,0.00283436669619132,"High"
1820,"ASTRONOVA INC","Manufacturing",60,0.0114232661262593,0.0151763982834889,-0.0121991701244813,0.0955539148824347,0.107753085006916,1.22161097808331,0.0107565590000469,0.00731884827561804,0.00144777787122587,-0.00184596815704929,"High"
1823,"ASTRONICS CORP","Manufacturing",60,0.00933181809710072,0.0263039341060697,-0.078777590332531,0.10012030425831,0.178897894590841,2.5459153325058,0.0138729819197242,-0.00626172364884954,-0.00436522371771553,-0.0180142020297822,"High"
1864,"REX AMERICAN RESOURCES CORP","Manufacturing",60,0.0166139829998553,0.0151932603873394,-0.0160386355711099,0.0496196675864943,0.0656583031576041,0.862568130528129,0.0120341122005566,0.0246406556465937,0.0342340378558593,0.0182027002583789,"Low"
1878,"AUTODESK INC","Information",60,0.00914070794917854,0.0254837734311589,-0.0502826762514508,0.125182010494794,0.175464686746245,2.51301719356026,0.0108672585925581,0.027384618895892,0.0271390506266653,0.0283132530120482,"High"
1891,"AUTOMATIC DATA PROCESSING","Information",60,0.0120942583412937,0.00331696472437475,0.0037990007738206,0.019314743675194,0.0155157429013734,0.253314440415038,0.00298174819733053,0.0170146652222199,0.0150272946969189,0.019314743675194,"Low"
1913,"AVERY DENNISON CORP","Manufacturing",60,0.0169492993444641,0.00957555829894038,-0.0274389674430768,0.0333960339220812,0.060835001365158,0.53347811049202,0.00685277131561124,0.0210979225898892,0.020703933747412,0.0214981246820242,"Low"
1919,"AVNET INC","Wholesale Trade",60,0.010118863517798,0.00886937305423013,-0.0329559624091195,0.0276027958379724,0.0605587582470919,0.797687015407006,0.0059818975045048,0.00649102345019349,0.00730582802496305,0.00467995240984686,"Low"
1926,"AZZ INC","Utilities (NAICS 3)",60,0.0142005932281756,0.00876692425129597,-0.0222729729447408,0.0263253667782632,0.048598339723004,0.576748822871314,0.00627184988585229,0.0141574162737045,0.0149709295849948,0.0158097244602358,"Low"
1949,"BRT APARTMENTS CORP","Real Estate and Rental and Leasing",60,0.00355739022470333,0.015308021224071,-0.0199974882898193,0.0706095747246563,0.0906070630144756,3.35894458655173,0.0123428265103217,-0.00347057761731423,-0.00290134176544544,-0.00307213883559668,"High"
1968,"BADGER METER INC","Manufacturing",60,0.0261549432891199,0.00824112879739042,0.00542231967475218,0.0423111384174283,0.0368888187426761,0.303485398943638,0.00627552711229326,0.0397556349723112,0.0376243396418234,0.0399047904929994,"Low"
1979,"BALCHEM CORP  -CL B","Manufacturing",60,0.0232937312352586,0.00886272965292173,0.0108990238810918,0.0435589787015014,0.0326599548204096,0.364815497755192,0.00301505865291131,0.0202782322241868,0.0213175182226917,0.0211885952168642,"Low"
1988,"BALL CORP","Manufacturing",60,0.0118688794676183,0.017142064305339,-0.0126255094939855,0.130858773242263,0.143484282736249,1.33205570449807,0.0105572333676295,0.0369604341480501,-0.00181529385069208,0.0104653633659159,"High"
2002,"POPULAR INC","Finance and Insurance",60,0.00223340651963687,0.00378509334769855,-0.0139749472380242,0.0162571472909485,0.0302320945289727,1.17062093018964,0.00298250628021332,0.00212717580645052,0.00243433592510563,0.00217773844127919,"High"
2005,"BANK OF HAWAII CORP","Finance and Insurance",60,0.00268638702024894,0.000572438297847413,0.00128073235171381,0.00424070436092305,0.00295997200920924,0.155284373209614,0.000270721506042829,0.00159290722287819,0.00165932845373316,0.00169577313901735,"Low"
2019,"BANK OF NEW YORK MELLON CORP","Finance and Insurance",60,0.0022040624060215,0.000725782580088061,-0.000710789960162049,0.00377449489918953,0.00448528485935158,0.226519489359531,0.000549729489021493,0.0026561288686938,0.0027760152284264,0.00276516454132658,"Low"
2052,"BARNWELL INDUSTRIES","Unclassified / Not Available",60,-0.0179193191817642,0.060811924030193,-0.236258332422686,0.130858773242263,0.367117105664949,3.59422996734624,0.0503414258532509,-0.0572095087181631,-0.0737024221453287,-0.0613975023639506,"High"
2080,"BASSETT FURNITURE INDS","Manufacturing",60,0.0102956478790233,0.0270283053967755,-0.0525928165530928,0.130858773242263,0.183451589795356,2.39280700728717,0.0209902802270844,-0.00704479475218196,0.00939121259196295,-0.0134132471074429,"High"
2086,"BAXTER INTERNATIONAL INC","Manufacturing",60,0.0177484813639186,0.0273547371408142,-0.1050241373145,0.130858773242263,0.235882910556764,1.45903748734862,0.018248248532498,-0.00630321538415389,-0.0198588162283764,0.00524816314289999,"High"
2101,"APPLIED INDUSTRIAL TECH INC","Wholesale Trade",60,0.0224416402946263,0.0130931354352674,-0.0361545977360409,0.0381667561500294,0.0743213538860703,0.558541777397244,0.00743103195438345,0.0326016856057961,0.0306407225022589,0.030654855752726,"Low"
2111,"BECTON DICKINSON & CO","Manufacturing",60,0.0138896592029921,0.0121284367839933,-0.00355163321315181,0.053780419464846,0.0573320526779978,0.81455435739967,0.00701605875631254,0.00780070145268378,0.00554285191621696,0.00698250881541738,"Low"
2124,"BEL FUSE INC","Manufacturing",60,0.0068159118939901,0.0344318496009467,-0.226445474396253,0.0511231377372933,0.277568612133546,4.40535283252392,0.0195550211838775,0.0184118214550129,-0.00189515776661974,0.0138257442887527,"High"
2136,"VERIZON COMMUNICATIONS INC","Information",60,0.0123724224873397,0.0112192770771027,-0.0187770288870537,0.0726016263324298,0.0913786552194835,0.838986136410545,0.0078702306697385,0.0114756893841627,0.013009765772229,0.00867343190857479,"Low"
2176,"BERKSHIRE HATHAWAY","Nonclassifiable Establishments",60,0.012085669190725,0.0188125747441559,-0.0654167017337149,0.0463626717182148,0.11177937345193,1.4376471290815,0.0163660512471325,0.019797140035445,0.017067617891273,0.0228816536224418,"High"
2184,"BEST BUY CO INC","Retail Trade",60,0.0171875936951548,0.0212545181939324,-0.106091846298032,0.0569723277265328,0.163064174024565,1.16862728243124,0.0170095051033764,0.0205192542856317,0.0160418380538254,0.0186251920122888,"High"
2220,"BIO-RAD LABORATORIES INC","Manufacturing",60,0.00951246378001224,0.066775456016499,-0.234271444968442,0.130858773242263,0.365130218210705,6.35202721396879,0.0483515811907517,-0.0519769647257047,-0.0764410888392905,0.0615998231522656,"High"
2259,"BLACK HILLS CORP","Utilities",60,0.00586824899280769,0.00519214522739217,-0.00991452918544804,0.0200700499125621,0.0299845790980101,0.755963453396826,0.00547800367476065,0.00693609748237232,0.00978787939257278,0.00251062384886868,"Low"
2269,"BLOCK H & R INC","Professional, Scientific, and Technical Services",60,0.00343096435988468,0.081196132297354,-0.0959063756686058,0.130858773242263,0.226765148910869,18.3247089578186,0.0959953603633692,0.0133829948425898,-0.0897460476639924,-0.0676777385746561,"High"
2285,"BOEING CO","Manufacturing",60,0.00505813073704487,0.0170297389517233,-0.05534521743703,0.035956808508334,0.091302025945364,2.81105504171247,0.0102447164579372,-0.0205401180528346,-0.0247181238528296,-0.0448091797087766,"High"
2312,"ROBERT HALF INC","Administrative and Support and Waste Management Services",60,0.0409276384239519,0.0135126062800725,0.00666774189741512,0.0599287280982059,0.0532609862007908,0.322283982308747,0.00482288447130909,0.0215527448484778,0.0190197256521061,0.0219470361894223,"Low"
2352,"BRADY CORP","Manufacturing",60,0.0150886433810811,0.0273815329842147,-0.12321755383222,0.0365908777495449,0.159808431581765,1.7019168326158,0.0164365736066879,0.0330147540727304,0.0287386754273667,0.0365908777495449,"High"
2390,"BRIDGFORD FOODS CORP","Manufacturing",60,0.0130644624128232,0.0279850666850834,-0.0409457207168508,0.130858773242263,0.171804493959114,1.98977151516066,0.0208569253769314,-0.00522127045411224,-0.00413716842279192,-0.0108018381433044,"High"
2403,"BRISTOL-MYERS SQUIBB CO","Manufacturing",60,0.015039045685785,0.0288242585614825,-0.120275469297493,0.0563526412521492,0.176628110549642,1.79713052298546,0.0238340892593747,-0.0222048093002016,0.000777512607582908,0.0129283655385929,"High"
2435,"BROWN FORMAN CORP","Manufacturing",60,0.0376904647506912,0.0142966083355936,0.0128965695125097,0.124790819985656,0.111894250473147,0.369512447775346,0.0121612029319594,0.0304762535340845,0.0309649543927028,0.0237659963436929,"Low"
2436,"CALERES INC","Retail Trade",60,0.0082320178095719,0.0257390285932423,-0.15552472584921,0.0318058977102869,0.187330623559497,2.78801764946291,0.0174328791435851,0.0208894284485423,0.021180108377613,0.0148312982522147,"High"
2444,"BRUNSWICK CORP","Manufacturing",60,0.016039402513121,0.0253172883734362,-0.0654827057793345,0.130858773242263,0.196341479021598,1.48580845801024,0.0218586545115722,0.00473921530395436,-0.0145305317293975,0.00740433302896987,"High"
2448,"MATERION CORP","Manufacturing",60,0.00972677538757969,0.00916550595952743,-0.0287759655802907,0.0253262823285567,0.0541022479088474,0.854451186713575,0.00686299555573789,0.000302542244540106,-0.0287759655802907,0.0120052686619085,"Low"
2497,"MASTEC INC","Construction",60,0.010314079757901,0.0101661054566078,-0.0261084546375634,0.0395475210594859,0.0656559756970493,0.898535777910568,0.00787930715093966,0.00460077985806712,0.00832732144697516,0.0108684587831617,"Low"
2504,"UNISYS CORP","Professional, Scientific, and Technical Services",60,-0.00573531530297483,0.0345655638985932,-0.0848819202477739,0.130858773242263,0.215740693490037,7.29952742046097,0.0305854540151811,-0.0256830432473816,0.0160230732254446,-0.0332509669101848,"High"
2536,"LIVERAMP HOLDINGS INC","Information",60,-0.000367045267603678,0.0235877053434355,-0.0513200038266526,0.130858773242263,0.182178777068916,37.2660225702621,0.0151281736543504,-4.42811180751883e-05,0.00894500775207407,0.00144950823842904,"High"
2547,"CIGNA GROUP (THE)","Finance and Insurance",60,0.00861524121410079,0.00385156254476755,-0.00180905047707992,0.0266000218718439,0.0284090723489238,0.400568478627371,0.00350657815994745,0.00549312288002176,0.00913517362603524,0.00468792621115333,"Low"
2558,"CNA FINANCIAL CORP","Finance and Insurance",60,0.00345711337603174,0.0020217980336183,-0.0024612788101475,0.00604441945459657,0.00850569826474407,0.453611533529881,0.00213877701468344,0.00364345023655555,0.000315827467966071,0.00420155591187125,"Low"
2573,"CSP INC","Professional, Scientific, and Technical Services",60,0.0082237946429858,0.0234941122620559,-0.0238493000748891,0.130858773242263,0.154708073317152,2.54712004889678,0.0198464778923625,0.00127670447713687,0.00699021074300609,-0.0238493000748891,"High"
2574,"CSX CORP","Transportation and Warehousing",60,0.0195806257520792,0.0134411732828994,0.0101366487455197,0.115839838831529,0.105703190086009,0.653098377319333,0.0054857592358112,0.0203104813465593,0.0171405855392386,0.020757389305533,"Low"
2577,"CTS CORP","Utilities (NAICS 3)",60,0.0109327093303394,0.0185624189882081,-0.0980040584502733,0.0389968728922681,0.137000931342541,1.55559131412112,0.0138985845564066,0.0183603012968482,0.0150930934380352,0.0229075034963618,"High"
2578,"TELOS CORP/MD","Professional, Scientific, and Technical Services",60,-0.0258463849976721,0.042621356837048,-0.168671728922798,0.0579507988840984,0.226622527806896,1.71539468784055,0.0348411187335227,-0.0769836153848967,-0.0589629348753436,-0.168671728922798,"High"
2581,"CVD EQUIPMENT CORP","Manufacturing",60,-0.00357896895569277,0.0358497260052191,-0.129641391440297,0.130858773242263,0.26050016468256,13.9007978076219,0.0274790152325817,-0.0133690064758689,0.00416587767468283,0.00637442692959869,"High"
2593,"CABOT CORP","Manufacturing",60,0.0109789625328567,0.0302706957264878,-0.137515451174289,0.0699912510936133,0.207506702267903,2.5269880962946,0.0210710126376316,0.0290029677792684,0.0255354200988468,0.0366702355460385,"High"
2596,"CACI INTL INC  -CL A","Professional, Scientific, and Technical Services",60,0.0142935698926331,0.00431078377699103,0.00746642426996932,0.0358409219772533,0.028374497707284,0.281869034323212,0.00263353618818264,0.0165893191839145,0.0128605033468449,0.0167306064279264,"Low"
2628,"CALIFORNIA WATER SERVICE GP","Utilities",60,0.00604076530603972,0.00620049220349491,-0.00626595841516641,0.0274809108056789,0.0337468692208453,0.88065599888353,0.00759019637021387,0.00971097403183042,0.00379496641399707,0.0120999228699709,"Low"
2663,"CAMPBELL'S CO (THE)","Manufacturing",60,0.0202804792686087,0.0177166342859948,-0.0269806398462172,0.103655397288485,0.130636037134702,0.832529853410257,0.0157998326475557,0.00970680851196703,0.0135302879841112,-0.000196914998359042,"Low"
2710,"CONSTELLATION BRANDS","Manufacturing",60,0.015341705583181,0.0219762702629212,-0.0519517658834183,0.107768997649191,0.15972076353261,1.34479660957417,0.0191797307364133,0.00599511063748245,0.027005814208417,-0.0519517658834183,"High"
2751,"CARDINAL HEALTH INC","Wholesale Trade",60,0.00447607636979167,0.0195578913897827,-0.125628525485592,0.0245425941032514,0.150171119588843,3.5715154554221,0.0120354923795285,0.00726710248042387,0.00851027615846134,0.0096611625908637,"High"
2771,"CARLISLE COS INC","Manufacturing",60,0.021967276681453,0.0143273407719339,-0.00247268690232887,0.105881128962739,0.108353815865068,0.6238153948615,0.0105093332677603,0.0501287624375977,0.0279888594711687,0.0377099283773771,"Low"
2787,"CARPENTER TECHNOLOGY CORP","Manufacturing",60,0.00645682769295922,0.0120852651957102,-0.0366881507188894,0.0312829047926361,0.0679710555115256,1.62069792857373,0.00632253554162449,0.0204377981351195,0.025280307812547,0.0260522273425499,"High"
2807,"CASEYS GENERAL STORES INC","Retail Trade",60,0.0177094531330746,0.00829122434306017,0.00555112542713435,0.0558803607456429,0.0503292353185086,0.44315695836149,0.00861766495933074,0.0197177973326979,0.0234180778893985,0.0277380251445988,"Low"
2817,"CATERPILLAR INC","Manufacturing",60,0.0150562836105947,0.0101124786948642,-0.0168784594994933,0.0342046425603147,0.0510831020598079,0.629814404137175,0.00527945618704426,0.0316594555045855,0.0318011941114808,0.0285604998087467,"Low"
2818,"CATO CORP  -CL A","Retail Trade",60,0.0130521876288801,0.0239362452273557,-0.0481043184605303,0.0559342006637845,0.104038519124315,1.70338212522596,0.0237733584650598,-0.0151036611849863,-0.0355179604387319,0.000208529057975468,"High"
2820,"CAVCO INDUSTRIES INC","Manufacturing",60,0.0202812953004974,0.0152183311340497,-0.00313761610040372,0.0714051307686982,0.0745427468691019,0.715103611841426,0.00551407812145967,0.0305190447549662,0.0407442232352192,0.0313366514018351,"Low"
2829,"R F INDUSTRIES LTD","Manufacturing",60,0.00992571751972941,0.0301304444103957,-0.117080156364903,0.113288283021956,0.230368439386859,2.75775429448792,0.0192110810492366,-0.0223344932186107,-0.00334994229091011,-0.0098107431116059,"High"
2884,"LUMEN TECHNOLOGIES INC","Information",60,-0.00486279564379133,0.0366063652014938,-0.241539482415395,0.0147729827670577,0.256312465182453,9.47665074136946,0.0204147903578019,-0.000396471577948015,0.00253761643181275,-0.00435434993674424,"High"
2960,"CHEMED CORP","Health Care and Social Assistance",60,0.0373125068616829,0.0153164563005342,-0.0237906388625842,0.0792746030938504,0.103065241956435,0.399776928088527,0.00859276867828952,0.0438613500370937,0.0541294218120252,0.0428249695524278,"Low"
2968,"JPMORGAN CHASE & CO","Finance and Insurance",60,0.00260314958039957,0.000739127724776023,-0.000154264040767926,0.00438063887474858,0.00453490291551651,0.2051337887266,0.000512697689137702,0.00355584912909717,0.00349878860221834,0.00306362302757593,"Low"
2986,"CHESAPEAKE UTILITIES CORP","Utilities",60,0.0100415611006988,0.00583951992753733,0.00265893593564983,0.0234092310166448,0.020750295080995,0.528867238453063,0.00692505263354777,0.0086393268824119,0.0102471344702264,0.00504933098599674,"Low"
2990,"IMUNON INC","Manufacturing",60,-0.163839780602105,0.104499396745222,-0.333345496085855,0.116975414034489,0.450320910120343,0.641731377669711,0.0507181013531875,-0.333345496085855,-0.333345496085855,-0.333345496085855,"Low"
2991,"CHEVRON CORP","Manufacturing",60,0.0161006129736734,0.0146301267288656,-0.037018303245704,0.045057688728987,0.082075991974691,0.85553229883565,0.0080521800808159,0.0169877180200215,0.0126061540138088,0.0173088198987779,"Low"
2999,"CHICAGO RIVET & MACHINE CO","Manufacturing",60,0.00513181081197352,0.0305431762586509,-0.15464270432178,0.0969944984958942,0.251637202817674,4.98110218909716,0.0147426647165783,-0.05733743892031,-0.15464270432178,-0.0547893301000303,"High"
3007,"BRINKER INTL INC","Accommodation and Food Services",60,0.0222191851451832,0.013030982701173,-0.0208828522920204,0.0462836386360973,0.0671664909281177,0.561216193406181,0.0113396053254986,0.0257732685312905,0.0462836386360973,0.0151987683076073,"Low"
3026,"CHURCH & DWIGHT INC","Manufacturing",60,0.0239458117081571,0.00981662120283894,-0.0197349501533742,0.0674336636297134,0.0871686137830876,0.39351781043184,0.00822909307962531,0.0167547420234478,0.0212988708896669,-0.00866585123814359,"Low"
3028,"CHURCHILL DOWNS INC","Arts, Entertainment, and Recreation",60,0.0152916400508092,0.0226703592713524,-0.0369402985074627,0.11367895065584,0.150619249163303,1.3915332772299,0.0218481513660273,0.0147811243378044,0.00968952294561498,0.00897873823631928,"High"
3062,"CINTAS CORP","Other Services (except Public Administration)",60,0.0293177366074424,0.0119563021415915,0.0123080506196836,0.0775367619965166,0.065228711376833,0.394366581397653,0.00582966979930528,0.0467987184778975,0.0478827322266338,0.0498453638429381,"Low"
3105,"IHEARTMEDIA INC","Information",60,-0.0124446372609215,0.0407306374408159,-0.181349346975857,0.130858773242263,0.31220812021812,3.5589277765835,0.0326445585976518,-0.0435957936665594,0.00565177999661144,-0.0071404963825984,"High"
3107,"CLEVELAND-CLIFFS INC","Manufacturing",60,0.00135111205010863,0.0825362313239134,-0.333345496085855,0.130858773242263,0.464204269328118,35.1051883384715,0.0398718777393303,-0.00996804998866052,-0.0213395712989927,-0.0145272683972374,"High"
3121,"CLOROX CO/DE","Manufacturing",60,0.0302925720485772,0.0160874106448202,-0.036266758336198,0.061236535340121,0.097503293676319,0.514096783730235,0.0127124395469147,0.0203473496230409,0.0346064192218038,0.0180098235401128,"Low"
3138,"COCA COLA CONSOLIDATED INC","Manufacturing",60,0.0108703938941623,0.0113765407985762,-0.008962340627417,0.0385705030285598,0.0475328436559768,0.958396233521033,0.00685882772004491,0.0311832109639386,0.0336802782686468,0.0219287032660917,"Low"
3144,"COCA-COLA CO","Manufacturing",60,0.0237957019029216,0.0128644313138432,-0.0313097296805315,0.079140439653872,0.110450169334404,0.518816985468253,0.0101869758648263,0.0261047013838601,0.0218301524629782,0.0268006700167504,"Low"
3153,"COEUR MINING INC","Mining (NAICS 2)",60,-0.0188320503675108,0.063114871439176,-0.333345496085855,0.0507381056237244,0.384083601709579,3.53940630148559,0.0445353691792689,0.00631348291979008,0.0164449003300536,0.0218776371308017,"High"
3158,"COHU INC","Manufacturing",60,0.00308396434029932,0.0190584617549054,-0.050047530780369,0.0693254950675496,0.119373025847919,4.66665723959493,0.01052223066279,-0.0169145838537667,-0.02137050174352,-0.0174902600484721,"High"
3170,"COLGATE-PALMOLIVE CO","Manufacturing",60,0.0409436901030822,0.0142550319936219,-0.03830071918381,0.0569620253164557,0.0952627445002657,0.339861179562129,0.0103465158564328,0.0438764750676429,0.0460550916116166,0.0438774293549541,"Low"
3226,"COMCAST CORP","Information",60,0.0125474745805372,0.0100913510316408,-0.018080437894207,0.0802304371780539,0.0983108750722609,0.744887984225368,0.00477069076239536,0.0152469802734963,0.0179444125148848,0.0134508709716865,"Low"
3231,"COMERICA INC","Finance and Insurance",60,0.00243533361991656,0.00110159414993616,-0.000772888638537014,0.00479558636299335,0.00556847500153037,0.320665842627221,0.000576763701871526,0.00219466965353318,0.0021438389850814,0.00230972973651507,"Low"
3238,"COMMERCE BANCSHARES INC","Finance and Insurance",60,0.00337638139414652,0.000691707848518584,0.00130714985030391,0.00479457771970727,0.00348742786940336,0.158054745741254,0.00036047623219935,0.00422760987527761,0.0042538233795706,0.00438206604060915,"Low"
3243,"CITIGROUP INC","Finance and Insurance",60,0.00148443801655106,0.0017137312846432,-0.0102541975017165,0.00343175762855264,0.0136859551302691,0.689786290994786,0.00101107728107094,0.00131725117975584,0.00121379802757821,0.00133214682578375,"Low"
3246,"COMMERCIAL METALS","Manufacturing",60,0.0123400898684044,0.0188653733499256,-0.0490233243409618,0.0696400216561111,0.118663345997073,1.41418637625581,0.0102478773853504,0.00499575639309365,-0.0259461972042699,0.0152439798006377,"High"
3278,"AVIS BUDGET GROUP INC","Real Estate and Rental and Leasing",60,0.00371794965988566,0.0141595878234132,-0.0674219207327571,0.0410366313450014,0.108458552077759,3.00121638511852,0.00955321076946269,-0.0157930007384541,-0.0674219207327571,0.00723686219426547,"High"
3336,"DXC TECHNOLOGY CO","Professional, Scientific, and Technical Services",60,-0.00335972769130489,0.0415483688370586,-0.215974776668418,0.0464584920030465,0.262433268671465,17.6072726485161,0.0277894659350631,-0.00124693504270819,0.00437351338908923,0.00311018957345972,"High"
3358,"COMTECH TELECOMMUN","Manufacturing",60,-0.0012062557414397,0.0318346674839308,-0.187098384650588,0.0249365069645518,0.212034891615139,154.345606390003,0.0123093053842539,-0.0735919945249146,-0.187098384650588,-0.0994976074981862,"High"
3362,"CONAGRA BRANDS INC","Utilities (NAICS 3)",60,0.0089944895492092,0.0164667259886096,-0.072886076429018,0.0346739047327777,0.107559981161796,1.64758048998236,0.0140098258777553,0.00559780640019766,0.0135359523458353,0.0219693332956824,"High"
3369,"RAVE RESTAURANT GROUP INC","Accommodation and Food Services",60,-0.0158073844797791,0.0843554384909954,-0.333345496085855,0.130858773242263,0.464204269328118,5.69684933934085,0.0503711283489673,0.0423310021191972,0.0376667700899783,0.0322996622658889,"High"
3410,"TRANSCONTINENTAL RLTY INVS","Real Estate and Rental and Leasing",60,0.00617183083584448,0.0280245229653324,-0.0372411971276304,0.130858773242263,0.168099970369894,3.9075828204518,0.021147032197512,0.001398200625514,0.00010088319500815,0.00161557616064525,"High"
3413,"CONSOLIDATED EDISON INC","Mining (NAICS 2)",60,0.00676414645827091,0.00342164320768812,0.000683679147785993,0.0228170180243297,0.0221333388765437,0.440697921668279,0.00493050520316308,0.00668275917576189,0.00439329950965109,0.00856580960011654,"Low"
3429,"CTO REALTY GROWTH INC","Unclassified / Not Available",60,0.0096894323871826,0.024770983105866,-0.0251679654402902,0.130858773242263,0.156026738682554,2.31733381237044,0.0185287974801617,-0.000200072713190574,-0.0128778210696284,0.00529450976257606,"High"
3439,"CMS ENERGY CORP","Mining (NAICS 2)",60,0.00682660759492943,0.00315777012277035,-0.000130151843817787,0.0222237679546482,0.022353919798466,0.403466008033436,0.00379672087757263,0.00721831273551332,0.00737750556792873,0.00726656518367464,"Low"
3504,"COOPER COS INC (THE)","Manufacturing",60,0.0168178189485316,0.018122995196512,-0.0195418434738219,0.130858773242263,0.150400616716085,1.01712758721266,0.0101096643428603,0.00807893740539024,0.00954105495647655,0.00864717542120912,"Low"
3505,"MOLSON COORS BEVERAGE CO","Manufacturing",60,0.00807467664368969,0.011977800623963,-0.0501187292132406,0.0490533885452346,0.0991721177584751,1.31991486796305,0.0107773447940684,0.0105251580824347,0.0110419232436705,0.00750132343168652,"High"
3532,"CORNING INC","Manufacturing",60,0.014171848715297,0.0174909484960367,-0.0513566596348294,0.0719994780282517,0.123356137663081,1.15285545118846,0.0131948222036574,0.00461004020581068,0.0111772129078781,-0.00413106419038204,"High"
3562,"COUSINS PROPERTIES INC","Real Estate and Rental and Leasing",60,0.00512424496383508,0.0175838006759931,-0.101761585062341,0.0514381035419958,0.153199688604337,2.87117853381586,0.0111132225132013,0.00143447556078577,0.00154916766888438,0.00144108555773087,"High"
3570,"CRACKER BARREL OLD CTRY STOR","Accommodation and Food Services",60,0.020721027602656,0.0172487004819384,-0.072424312764689,0.0585371461896807,0.13096145895437,0.794101494527325,0.0116507845327468,0.00461989367584349,0.00220885035814019,0.00839188080096452,"Low"
3580,"CRANE CO","Manufacturing",60,0.0161879982471531,0.0141056261249054,-0.0440047954462251,0.0573892556289036,0.101394051075129,0.820667184280276,0.0109972897325317,0.0287916723578348,0.0306597524508876,0.0291489121007579,"Low"
3581,"CRAWFORD & CO","Finance and Insurance",60,0.00746070800979133,0.0132852874349086,-0.0659568601721202,0.0329857684060236,0.0989426285781438,1.57023353359246,0.00989648148878026,0.00837549361874939,0.00711908479574,0.011804534000005,"High"
3619,"CROWN HOLDINGS INC","Manufacturing",60,0.00876401971133033,0.013257226005091,-0.0722326454033771,0.0427069645203679,0.114939609923745,1.35776313414312,0.0105564689085742,0.0076325859974192,0.0258521086077412,-0.0115932427956277,"High"
3622,"CROWN CRAFTS INC","Manufacturing",60,0.0255478383275242,0.0127038960150353,-0.00421692269411595,0.0561944337069965,0.0604113564011125,0.478528453364286,0.01213296142245,0.00640564763775271,0.00904386222541801,0.00865626572722698,"Low"
3643,"CULLEN/FROST BANKERS INC","Finance and Insurance",60,0.00279628652903187,0.000473012482520302,0.00160343546877272,0.00377422037483295,0.00217078490606023,0.124598730602384,0.000237737028539766,0.00288509488610937,0.00294842415000276,0.00287211286256085,"Low"
3647,"CULP INC","Manufacturing",60,0.00742513309628631,0.0339475978623559,-0.129368060850644,0.0581051820317088,0.187473242882353,4.02932481592719,0.0184589759589505,-0.0398186485284089,-0.0437563475388993,-0.0562262368455695,"High"
3650,"CUMMINS INC","Manufacturing",60,0.0248915724676355,0.0136940468486742,-0.0447117637869083,0.0626197882301191,0.107331552017027,0.528899774851134,0.0102765338234289,0.0310732778813522,0.0132530120481928,0.0252402346187445,"Low"
3662,"CURTISS-WRIGHT CORP","Manufacturing",60,0.0152082350607853,0.00577203551271508,0.00417599110028625,0.0259439091671033,0.021767918066817,0.356117460727118,0.00431731174860198,0.020981233813883,0.0236379857287958,0.0227519363502505,"Low"
3691,"GT BIOPHARMA INC","Manufacturing",60,-0.235558813165155,0.153331840057671,-0.333345496085855,0.130858773242263,0.464204269328118,0.653703171450262,0.120098634732569,-0.307162067988523,-0.333345496085855,-0.333345496085855,"Low"
3708,"WENDY'S CO","Accommodation and Food Services",60,0.00768009111958165,0.0120881319046486,-0.00602800087279517,0.0868008657701325,0.0928288666429277,1.39262730518792,0.00700579141141842,0.00954105303130888,0.00943366059279306,0.00989982108020877,"High"
3734,"DANA INC","Manufacturing",60,0.00806622697810607,0.016427834951994,-0.0251881876085698,0.0997942386831276,0.124982426291697,1.81198143303332,0.0117115293597078,-0.00193701667331539,-0.010688042752171,0.000508970606947449,"High"
3735,"DANAHER CORP","Manufacturing",60,0.0167455776816417,0.00466746374895336,0.00644720170586236,0.0300697721421715,0.0236225704363092,0.263021234511964,0.00388418753081902,0.0121859023692417,0.0140053132495938,0.0101469949761211,"Low"
3761,"DATA I/O CORP","Manufacturing",60,-0.0040536881179306,0.0391592757114362,-0.178833280204017,0.0615231245772065,0.240356404781223,12.8236002496461,0.0263472096219414,-0.0308949056921305,-0.047336804164998,-0.0123576057641992,"High"
3813,"TARGET CORP","Retail Trade",60,0.0166763550741159,0.0128730540290069,-0.0637619553666312,0.0415486120742605,0.105310567440892,0.728264055289167,0.00892000480188516,0.0194836915534921,0.0145905588491569,0.0212876149656219,"Low"
3835,"DEERE & CO","Manufacturing",60,0.0135544321541631,0.00656385905936604,-0.00803724982163644,0.0290807040377439,0.0371179538593803,0.450986956402042,0.00453845659508949,0.0168476162300462,0.011600819977637,0.0160792277519682,"Low"
3851,"DELTA AIR LINES INC","Transportation and Warehousing",60,0.00977850872650549,0.024883342664729,-0.0791159823417888,0.130858773242263,0.209974755584052,2.30860718269293,0.0162099437676683,0.0114774167696694,0.0111845247572043,0.0168771892580405,"High"
3863,"DELUXE CORP","Unclassified / Not Available",60,0.0161865446930419,0.0279905814642366,-0.168607325818452,0.0383502193698284,0.20695754518828,1.6286334434384,0.0128175542793411,0.00487279400809825,0.00445384657771925,0.00340498765305955,"High"
3897,"DTE ENERGY CO","Unclassified / Not Available",60,0.00713784332549065,0.00265892866320951,0.000633954608850006,0.0124612973510187,0.0118273427421687,0.326736280960434,0.00386025412243672,0.00727721444236217,0.00597797158416247,0.00957715937838815,"Low"
3905,"COVISTA INC","Educational Services",60,0.0137635904413069,0.0266390140704376,-0.114889170170598,0.0988330121700971,0.213722182340695,1.80437232909852,0.0215025675904997,0.0189576403682605,0.0278579704769267,0.0163838894533747,"High"
3946,"DIEBOLD NIXDORF INC","Manufacturing",60,-0.0084151383109734,0.0380941392420703,-0.198825429452356,0.130858773242263,0.32968420269462,5.13734709246032,0.0254826084547404,-0.000998387459549865,0.00158035840270919,-0.0057416758516392,"High"
3962,"NORTECH SYSTEMS INC","Manufacturing",60,0.00319936711209574,0.0192930484991077,-0.0612659194225631,0.0740188698931302,0.135284789315693,4.59427527627592,0.0131396528707301,-0.00445211830693379,-0.0204045005867329,-0.00960164228360575,"High"
3964,"DILLARDS INC  -CL A","Retail Trade",60,0.023744012624187,0.0244642766078625,-0.0484614843769868,0.0989783879931858,0.147439872370173,0.988694799805788,0.0169715444680999,0.0422116524285663,0.0301461724987431,0.0203401985110307,"Low"
3969,"DIODES INC","Manufacturing",60,0.0145323639018541,0.0117830335881945,-0.0205894780116251,0.0402265949748111,0.0608160729864363,0.758611738860173,0.0054298756320961,0.00463807664430385,0.00345349101803182,0.00575253350029422,"Low"
3980,"DISNEY (WALT) CO","Information",60,0.0151380717904727,0.0115629111495192,-0.0227354815096629,0.0452554893895676,0.0679909708992305,0.716498928722419,0.00682774973874848,0.00711397197534811,0.012961440475828,0.00234431935745264,"Low"
4016,"DOLLAR GENERAL CORP","Retail Trade",60,0.0224579800177944,0.00786321445235072,0.00624686610141665,0.056895427314295,0.0506485612128784,0.335204243774868,0.00610372631878576,0.0106932033707068,0.00624686610141665,0.0117618898611969,"Low"
4029,"DOMINION ENERGY INC","Mining (NAICS 2)",60,0.00663624110793799,0.00715270536012991,-0.0140697724070199,0.0421412845793051,0.056211056986325,0.936678826536078,0.00668104816665157,0.00505566288120225,0.00130840208953767,0.0093568423161691,"Low"
4036,"DONALDSON CO INC","Manufacturing",60,0.0316806484349812,0.00916492154104267,-0.0248205320696289,0.0518061317413741,0.0766266638110029,0.280438791148115,0.00628997773238323,0.0363072621414318,0.0325272703377579,0.0376419723432728,"Low"
4045,"DORCHESTER MINERALS  -LP","Real Estate and Rental and Leasing",60,0.0928255574925311,0.0338604726484405,0.0122390726232891,0.130858773242263,0.118619700618974,0.360887518852589,0.0177186350553874,0.0895645892551826,0.0388237026051492,0.0902759872270374,"Low"
4058,"DOVER CORP","Manufacturing",60,0.0237781952854722,0.0138113032524814,0.0110630399308755,0.114794518576787,0.103731478645911,0.557397465528056,0.00732976670497446,0.0554077749825288,0.114794518576787,0.0291363062046985,"Low"
4060,"DUPONT DE NEMOURS INC","Unclassified / Not Available",60,0.0114575026372404,0.0216356693804619,-0.0371219271043998,0.112835745962681,0.149957673067081,1.73675816176706,0.0163367102183421,0.00469491013321818,-0.00319358008516214,0.0120925762793305,"High"
4066,"OMNICOM GROUP INC","Professional, Scientific, and Technical Services",60,0.0125763906558655,0.00287966442978889,-0.00106443591521613,0.016427975371569,0.0174924112867852,0.212108247529307,0.00378735140262614,0.0130534715624935,0.0151245581637166,0.0134008876047867,"Low"
4091,"DUCOMMUN INC","Manufacturing",60,0.00552698280550262,0.0232923054464498,-0.113241423533184,0.113242093109984,0.226483516643168,3.56861755891452,0.0135042789420466,0.00696826092138018,0.00601544621663599,0.00898119065382679,"High"
4093,"DUKE ENERGY CORP","Unclassified / Not Available",60,0.00507516544890419,0.00335486221794294,-0.00501096539184875,0.0115802755068531,0.0165912408987018,0.552225654784114,0.00413773345259285,0.00619272496057208,0.00646656971284137,0.00697841648235512,"Low"
4108,"FLOWSERVE CORP","Manufacturing",60,0.0137909501236766,0.00991330490972956,-0.0215624805263199,0.0320079226734192,0.053570403199739,0.67022772890437,0.0060474297404519,0.0134093436543772,0.0140962594492713,0.0110686051798084,"Low"
4145,"REVVITY INC","Manufacturing",60,0.0129257239943159,0.0150831390747223,-0.0218144707185179,0.0898910784131355,0.111705549131653,1.08311345829336,0.0109464197169362,0.00527185660781379,0.00763729417151275,0.00738989377776535,"High"
4186,"EASTERN CO","Manufacturing",60,0.0113863726010997,0.0121108830582405,-0.062635378322271,0.024171301200565,0.086806679522836,0.97775865850872,0.0094446091223397,-0.00891966697408876,0.00557989707151023,-0.062635378322271,"Low"
4193,"EASTGROUP PROPERTIES","Real Estate and Rental and Leasing",60,0.00956430531275553,0.00466187627741249,0.00339351916288133,0.0265359718838226,0.0231424527209412,0.441285644384365,0.00304432440649052,0.0119238080186836,0.0115490452342857,0.0116069090346893,"Low"
4194,"EASTMAN KODAK CO","Manufacturing",60,-0.0115510465219265,0.0590251225406656,-0.333345496085855,0.130858773242263,0.464204269328118,5.59424341632874,0.0444192874700572,0.0112968094872012,0.0129935032483758,0.00753768844221105,"High"
4213,"ECOLAB INC","Manufacturing",60,0.0146938573180224,0.0177972870645362,-0.112540370747246,0.0358325619664712,0.148372932713717,1.13402885625182,0.00897183937003695,0.0241671173472984,0.0211231116947623,0.0333233793028559,"High"
4225,"EDUCATIONAL DEVELOPMENT CORP","Wholesale Trade",60,0.0135727154536471,0.0171067166868803,-0.021163213803627,0.0503038327855674,0.0714670465891943,1.17388668853745,0.0169924312531612,-0.0159046956512186,-0.00999976077127341,-0.021163213803627,"High"
4275,"ELECTRO-SENSORS INC","Manufacturing",60,0.00875725588959863,0.0121178366737699,-0.0202915118605316,0.0510571300044984,0.07134864186503,1.24193080625135,0.0116586530751856,0.00747397583129691,0.0135035270406449,0.0159122818747075,"High"
4321,"EMERSON ELECTRIC CO","Manufacturing",60,0.0251109813937886,0.0165438400107219,0.0030529099391568,0.130858773242263,0.127805863303107,0.633597020396077,0.0126987754655708,0.0135612702659276,0.0137291715559728,0.0225105094245808,"Low"
4322,"EMERSON RADIO CORP","Manufacturing",60,-0.00293905892795447,0.0303959314022183,-0.0784806415813389,0.0884762608286885,0.166956902410027,15.6756099384165,0.0175519181281213,-0.0293347615231503,-0.01999696440768,-0.0331576966503575,"High"
4383,"ATMOS ENERGY CORP","Utilities",60,0.0092045409538929,0.00602008345575939,-0.000478920076226341,0.0278863566959498,0.0283652767721762,0.58994162333807,0.00712084498713555,0.0108118383000564,0.0132791170714463,0.00531926357634504,"Low"
4390,"ENNIS INC","Manufacturing",60,0.0169290372041127,0.0262533456518876,-0.160054596518685,0.0319656488549618,0.192020245373647,1.46429199476843,0.0128922398272979,0.0266383272285961,0.0294866422967447,0.0253383610200239,"High"
4423,"EQUIFAX INC","Administrative and Support and Waste Management Services",60,0.0150431908918102,0.0132084553859341,-0.0757800891530461,0.0259611573523583,0.101741246505404,0.823306004086554,0.0074302196940044,0.0124813805246379,0.0148051771348878,0.0114465785828277,"Low"
4430,"EQT CORP","Unclassified / Not Available",60,0.00207799465405725,0.0286198204139109,-0.0859045738432416,0.0835247647702721,0.169429338613514,9.29820341831517,0.0239257584866671,0.00185675722768301,0.0105044519549272,-0.00753081898479454,"High"
4448,"ESCALADE INC","Manufacturing",60,0.0170704173944271,0.025343852937298,-0.0926264423812476,0.104149621892754,0.196776064274001,1.40250512116638,0.0196201146430225,0.0134228600907096,0.0119294834975478,0.0231372228800065,"High"
4450,"ESPEY MFG & ELECTRONICS CORP","Manufacturing",60,0.0201978789416398,0.0160448863447664,-0.0291235710397387,0.0645451731802707,0.0936687442200094,0.756909990331572,0.0141701684577872,0.0280854970386966,0.0317157050057318,0.0277262080333131,"Low"
4462,"NEWMARKET CORP","Manufacturing",60,0.038809329353488,0.0113130321103433,0.00237829073786587,0.0588382251816819,0.056459934443816,0.284180424389694,0.00919916444262447,0.0366823842818466,0.0353850612597822,0.0417909448425978,"Low"
4485,"KINGSTONE COS INC","Finance and Insurance",60,0.00343801082241463,0.0124232169938635,-0.0331577287361778,0.020421288647628,0.0535790173838058,2.79927595739937,0.0114185288026304,0.0133042252236185,0.0145045823597819,0.0201098578073396,"High"
4494,"EXPEDITORS INTL WASH INC","Transportation and Warehousing",60,0.0393143984812694,0.00847997413186545,0.0252869538937417,0.0626874566971057,0.037400502803364,0.210346041397725,0.00501219952966135,0.0420854396327846,0.0496119641818268,0.0443971543151824,"Low"
4497,"DMC GLOBAL INC","Manufacturing",60,0.00090971518094998,0.0305654683795109,-0.144332701813364,0.0635185385453668,0.207851240358731,16.0052497275045,0.0197344260902469,-0.0340743504256044,0.000440911196612134,-0.144332701813364,"High"
4498,"INSTEEL INDUSTRIES","Manufacturing",60,0.0205239528268469,0.02118990183124,-0.0400903978556788,0.0927743616813852,0.132864759537064,0.984480034950168,0.0108823685959612,0.0117558040414635,0.00267112100598222,0.0110495276321021,"Low"
4503,"EXXON MOBIL CORP","Manufacturing",60,0.0184688341317681,0.0155068305591299,-0.0603155522163787,0.0531133156108842,0.113428867827263,0.796495077937245,0.00712263509804188,0.0193070386114962,0.0167815204807321,0.0186397526823059,"Low"
4510,"FMC CORP","Manufacturing",60,0.0161739941466234,0.0206878254906662,-0.0322641837525095,0.104915762098598,0.137179945851107,1.20460187152991,0.0179533028721799,0.0070055679955797,-0.00139874541975234,0.00531971486328333,"High"
4517,"NEXTERA ENERGY INC","Unclassified / Not Available",60,0.00918428019898806,0.00632244917220438,-0.00311152506123012,0.0469963090238004,0.0501078340850306,0.620804715568666,0.00510696150145234,0.00941815540083814,0.00632678391114103,0.00996166934569089,"Low"
4579,"FARMER BROS CO","Manufacturing",60,-0.0164175881143997,0.045332523358578,-0.249098684105421,0.130858773242263,0.379957457347684,2.94031226040072,0.0338903871399378,-0.0137258738485397,0.00117240493749965,-0.0274860838649764,"High"
4598,"FEDEX CORP","Transportation and Warehousing",60,0.0125470428607116,0.0101571782198089,-0.0361928570115619,0.0399992285587549,0.0761920855703168,0.749770877987416,0.00797019722715891,0.0112435031365103,0.00866859302067126,0.00915685437833724,"Low"
